{
	"textures": {
		"0": "animated_java:item/frestchika_v2/frestchika"
	},
	"elements": [
		{
			"from": [
				10.75441,
				14.00075,
				13.244150000000001
			],
			"to": [
				12.3438,
				15.49925,
				13.618770000000001
			],
			"rotation": {
				"angle": -45,
				"axis": "y",
				"origin": [
					13.39116,
					14.75,
					13.673580000000001
				]
			},
			"faces": {
				"north": {
					"uv": [
						7.375,
						2.75,
						7.625,
						3
					],
					"rotation": 90,
					"texture": "#0"
				},
				"east": {
					"uv": [
						7.75,
						3.375,
						7.5,
						3.5
					],
					"rotation": 270,
					"texture": "#0"
				},
				"south": {
					"uv": [
						7,
						3.375,
						7.25,
						3.625
					],
					"rotation": 270,
					"texture": "#0"
				},
				"west": {
					"uv": [
						7.75,
						2.75,
						7.5,
						2.625
					],
					"rotation": 270,
					"texture": "#0"
				},
				"up": {
					"uv": [
						7.5,
						2.375,
						7.625,
						2.625
					],
					"rotation": 270,
					"texture": "#0"
				},
				"down": {
					"uv": [
						6.75,
						3.5,
						6.875,
						3.75
					],
					"rotation": 270,
					"texture": "#0"
				}
			}
		},
		{
			"from": [
				15.68975,
				14,
				11.39493
			],
			"to": [
				21.68975,
				15.5,
				12.89493
			],
			"rotation": {
				"angle": 0,
				"axis": "y",
				"origin": [
					13.39116,
					14.75,
					13.673580000000001
				]
			},
			"faces": {
				"north": {
					"uv": [
						4.75,
						2.875,
						4.5,
						1.875
					],
					"rotation": 270,
					"texture": "#0"
				},
				"east": {
					"uv": [
						7.375,
						3,
						7.625,
						3.25
					],
					"rotation": 90,
					"texture": "#0"
				},
				"south": {
					"uv": [
						5,
						1.875,
						4.75,
						2.875
					],
					"rotation": 270,
					"texture": "#0"
				},
				"west": {
					"uv": [
						7.25,
						3.375,
						7.5,
						3.625
					],
					"rotation": 270,
					"texture": "#0"
				},
				"up": {
					"uv": [
						5.75,
						0.25,
						6.75,
						0.5
					],
					"texture": "#0"
				},
				"down": {
					"uv": [
						5.75,
						0.5,
						6.75,
						0.75
					],
					"rotation": 180,
					"texture": "#0"
				}
			}
		},
		{
			"from": [
				21.12725,
				14.375,
				11.657430000000002
			],
			"to": [
				21.87725,
				15.125,
				12.407430000000002
			],
			"rotation": {
				"angle": 0,
				"axis": "y",
				"origin": [
					13.39116,
					14.75,
					13.673580000000001
				]
			},
			"faces": {
				"north": {
					"uv": [
						7.25,
						3.75,
						7.125,
						3.625
					],
					"rotation": 270,
					"texture": "#0"
				},
				"east": {
					"uv": [
						6.875,
						3.625,
						7,
						3.75
					],
					"rotation": 90,
					"texture": "#0"
				},
				"south": {
					"uv": [
						7.75,
						3.125,
						7.625,
						3.25
					],
					"rotation": 270,
					"texture": "#0"
				},
				"west": {
					"uv": [
						7,
						3.625,
						7.125,
						3.75
					],
					"rotation": 270,
					"texture": "#0"
				},
				"up": {
					"uv": [
						7.625,
						2.875,
						7.75,
						3
					],
					"texture": "#0"
				},
				"down": {
					"uv": [
						7.625,
						3,
						7.75,
						3.125
					],
					"rotation": 180,
					"texture": "#0"
				}
			}
		},
		{
			"from": [
				11.56475,
				14,
				11.39493
			],
			"to": [
				15.68975,
				15.5,
				11.76993
			],
			"rotation": {
				"angle": 0,
				"axis": "y",
				"origin": [
					13.39116,
					14.75,
					13.673580000000001
				]
			},
			"faces": {
				"north": {
					"uv": [
						4.5,
						3.25,
						4.25,
						2.5
					],
					"rotation": 270,
					"texture": "#0"
				},
				"east": {
					"uv": [
						7.5,
						3.5,
						7.75,
						3.625
					],
					"rotation": 90,
					"texture": "#0"
				},
				"south": {
					"uv": [
						6.75,
						0.75,
						6.5,
						1.5
					],
					"rotation": 270,
					"texture": "#0"
				},
				"west": {
					"uv": [
						4,
						3.625,
						4.25,
						3.75
					],
					"rotation": 270,
					"texture": "#0"
				},
				"up": {
					"uv": [
						6.75,
						1.25,
						7.5,
						1.375
					],
					"texture": "#0"
				},
				"down": {
					"uv": [
						6.75,
						1.375,
						7.5,
						1.5
					],
					"rotation": 180,
					"texture": "#0"
				}
			}
		},
		{
			"from": [
				12.68975,
				14,
				11.76993
			],
			"to": [
				14.93975,
				15.5,
				12.89493
			],
			"rotation": {
				"angle": 0,
				"axis": "y",
				"origin": [
					13.39116,
					14.75,
					13.673580000000001
				]
			},
			"faces": {
				"north": {
					"uv": [
						5.375,
						3.25,
						5.125,
						2.875
					],
					"rotation": 270,
					"texture": "#0"
				},
				"east": {
					"uv": [
						7.5,
						0,
						7.75,
						0.25
					],
					"rotation": 90,
					"texture": "#0"
				},
				"south": {
					"uv": [
						7,
						2.875,
						6.75,
						3.25
					],
					"rotation": 270,
					"texture": "#0"
				},
				"west": {
					"uv": [
						4.25,
						3.5,
						4.5,
						3.75
					],
					"rotation": 270,
					"texture": "#0"
				},
				"up": {
					"uv": [
						6.875,
						0,
						7.25,
						0.25
					],
					"texture": "#0"
				},
				"down": {
					"uv": [
						4.75,
						2.875,
						5.125,
						3.125
					],
					"rotation": 180,
					"texture": "#0"
				}
			}
		},
		{
			"from": [
				11.93975,
				14,
				11.76993
			],
			"to": [
				12.68975,
				15.5,
				12.14493
			],
			"rotation": {
				"angle": 0,
				"axis": "y",
				"origin": [
					13.39116,
					14.75,
					13.673580000000001
				]
			},
			"faces": {
				"north": {
					"uv": [
						7.875,
						1.125,
						7.625,
						1
					],
					"rotation": 270,
					"texture": "#0"
				},
				"east": {
					"uv": [
						4.75,
						3.625,
						5,
						3.75
					],
					"rotation": 90,
					"texture": "#0"
				},
				"south": {
					"uv": [
						7.875,
						1.125,
						7.625,
						1.25
					],
					"rotation": 270,
					"texture": "#0"
				},
				"west": {
					"uv": [
						5,
						3.625,
						5.25,
						3.75
					],
					"rotation": 270,
					"texture": "#0"
				},
				"up": {
					"uv": [
						5,
						3.375,
						5.125,
						3.5
					],
					"texture": "#0"
				},
				"down": {
					"uv": [
						6.875,
						3.5,
						7,
						3.625
					],
					"rotation": 180,
					"texture": "#0"
				}
			}
		},
		{
			"from": [
				12.31475,
				14,
				12.14493
			],
			"to": [
				12.68975,
				15.5,
				12.51993
			],
			"rotation": {
				"angle": 0,
				"axis": "y",
				"origin": [
					13.39116,
					14.75,
					13.673580000000001
				]
			},
			"faces": {
				"north": {
					"uv": [
						6,
						3.75,
						5.75,
						3.625
					],
					"rotation": 270,
					"texture": "#0"
				},
				"east": {
					"uv": [
						5.25,
						3.625,
						5.5,
						3.75
					],
					"rotation": 90,
					"texture": "#0"
				},
				"south": {
					"uv": [
						7.875,
						2,
						7.625,
						2.125
					],
					"rotation": 270,
					"texture": "#0"
				},
				"west": {
					"uv": [
						5.5,
						3.625,
						5.75,
						3.75
					],
					"rotation": 270,
					"texture": "#0"
				},
				"up": {
					"uv": [
						7.625,
						2.5,
						7.75,
						2.625
					],
					"texture": "#0"
				},
				"down": {
					"uv": [
						7.625,
						2.75,
						7.75,
						2.875
					],
					"rotation": 180,
					"texture": "#0"
				}
			}
		}
	],
	"display": {
		"head": {
			"rotation": [
				0,
				180,
				0
			]
		}
	}
}