{
	"textures": {
		"0": "animated_java:item/frestchika_v2/frestchika"
	},
	"elements": [
		{
			"from": [
				6.9041,
				14,
				16.75736
			],
			"to": [
				13.2791,
				15.5,
				17.13236
			],
			"rotation": {
				"angle": -22.5,
				"axis": "y",
				"origin": [
					13.39116,
					14.75,
					13.673580000000001
				]
			},
			"faces": {
				"north": {
					"uv": [
						5.25,
						2.875,
						5,
						1.875
					],
					"rotation": 270,
					"texture": "#0"
				},
				"east": {
					"uv": [
						7.625,
						2.125,
						7.875,
						2.25
					],
					"rotation": 90,
					"texture": "#0"
				},
				"south": {
					"uv": [
						5.5,
						1.875,
						5.25,
						2.875
					],
					"rotation": 270,
					"texture": "#0"
				},
				"west": {
					"uv": [
						6.25,
						3.625,
						6.5,
						3.75
					],
					"rotation": 270,
					"texture": "#0"
				},
				"up": {
					"uv": [
						6.5,
						1.5,
						7.5,
						1.625
					],
					"texture": "#0"
				},
				"down": {
					"uv": [
						6.5,
						2.375,
						7.5,
						2.5
					],
					"rotation": 180,
					"texture": "#0"
				}
			}
		},
		{
			"from": [
				16.0916,
				14,
				17.13236
			],
			"to": [
				18.7166,
				15.5,
				17.50736
			],
			"rotation": {
				"angle": -22.5,
				"axis": "y",
				"origin": [
					13.39116,
					14.75,
					13.673580000000001
				]
			},
			"faces": {
				"north": {
					"uv": [
						6,
						3.25,
						5.75,
						2.75
					],
					"rotation": 270,
					"texture": "#0"
				},
				"east": {
					"uv": [
						7.625,
						2.375,
						7.875,
						2.5
					],
					"rotation": 90,
					"texture": "#0"
				},
				"south": {
					"uv": [
						6.25,
						2.75,
						6,
						3.25
					],
					"rotation": 270,
					"texture": "#0"
				},
				"west": {
					"uv": [
						6.5,
						3.625,
						6.75,
						3.75
					],
					"rotation": 270,
					"texture": "#0"
				},
				"up": {
					"uv": [
						7.375,
						3.25,
						7.875,
						3.375
					],
					"texture": "#0"
				},
				"down": {
					"uv": [
						5,
						3.5,
						5.5,
						3.625
					],
					"rotation": 180,
					"texture": "#0"
				}
			}
		},
		{
			"from": [
				7.6541,
				14,
				14.13236
			],
			"to": [
				9.5291,
				15.5,
				16.75736
			],
			"rotation": {
				"angle": -22.5,
				"axis": "y",
				"origin": [
					13.39116,
					14.75,
					13.673580000000001
				]
			},
			"faces": {
				"north": {
					"uv": [
						7.75,
						0.75,
						7.5,
						0.5
					],
					"rotation": 270,
					"texture": "#0"
				},
				"east": {
					"uv": [
						6.5,
						2.5,
						6.75,
						3
					],
					"rotation": 90,
					"texture": "#0"
				},
				"south": {
					"uv": [
						7.75,
						0.75,
						7.5,
						1
					],
					"rotation": 270,
					"texture": "#0"
				},
				"west": {
					"uv": [
						6.75,
						0.75,
						7,
						1.25
					],
					"rotation": 270,
					"texture": "#0"
				},
				"up": {
					"uv": [
						6.75,
						0.25,
						7,
						0.75
					],
					"texture": "#0"
				},
				"down": {
					"uv": [
						5.5,
						2.75,
						5.75,
						3.25
					],
					"rotation": 180,
					"texture": "#0"
				}
			}
		},
		{
			"from": [
				4.3274799999999995,
				13.8125,
				11.433990000000001
			],
			"to": [
				11.07748,
				15.6875,
				12.933990000000001
			],
			"rotation": {
				"angle": 0,
				"axis": "y",
				"origin": [
					13.39116,
					14.75,
					13.673580000000001
				]
			},
			"faces": {
				"north": {
					"uv": [
						4.875,
						1.875,
						4.5,
						0.75
					],
					"rotation": 270,
					"texture": "#0"
				},
				"east": {
					"uv": [
						7,
						1,
						7.375,
						1.25
					],
					"rotation": 90,
					"texture": "#0"
				},
				"south": {
					"uv": [
						5.25,
						0.75,
						4.875,
						1.875
					],
					"rotation": 270,
					"texture": "#0"
				},
				"west": {
					"uv": [
						7,
						2.875,
						7.375,
						3.125
					],
					"rotation": 270,
					"texture": "#0"
				},
				"up": {
					"uv": [
						5.25,
						1.625,
						6.375,
						1.875
					],
					"texture": "#0"
				},
				"down": {
					"uv": [
						5.75,
						0,
						6.875,
						0.25
					],
					"rotation": 180,
					"texture": "#0"
				}
			}
		},
		{
			"from": [
				4.3274799999999995,
				13.8125,
				12.933990000000001
			],
			"to": [
				8.07748,
				15.6875,
				14.433990000000001
			],
			"rotation": {
				"angle": 0,
				"axis": "y",
				"origin": [
					13.39116,
					14.75,
					13.673580000000001
				]
			},
			"faces": {
				"north": {
					"uv": [
						5.875,
						2.5,
						5.5,
						1.875
					],
					"rotation": 270,
					"texture": "#0"
				},
				"east": {
					"uv": [
						4.75,
						3.125,
						5.125,
						3.375
					],
					"rotation": 90,
					"texture": "#0"
				},
				"south": {
					"uv": [
						6.25,
						1.875,
						5.875,
						2.5
					],
					"rotation": 270,
					"texture": "#0"
				},
				"west": {
					"uv": [
						7,
						3.125,
						7.375,
						3.375
					],
					"rotation": 270,
					"texture": "#0"
				},
				"up": {
					"uv": [
						6.375,
						1.625,
						7,
						1.875
					],
					"texture": "#0"
				},
				"down": {
					"uv": [
						5.5,
						2.5,
						6.125,
						2.75
					],
					"rotation": 180,
					"texture": "#0"
				}
			}
		}
	],
	"display": {
		"head": {
			"rotation": [
				0,
				180,
				0
			]
		}
	}
}