{
	"textures": {
		"0": "animated_java:item/frestchika_v2/frestchika"
	},
	"elements": [
		{
			"from": [
				15.68975,
				14,
				13.157440000000001
			],
			"to": [
				20.18975,
				15.5,
				14.657430000000002
			],
			"rotation": {
				"angle": 0,
				"axis": "y",
				"origin": [
					13.39116,
					14.75,
					13.673580000000001
				]
			},
			"faces": {
				"north": {
					"uv": [
						6.5,
						3.125,
						6.25,
						2.375
					],
					"rotation": 270,
					"texture": "#0"
				},
				"east": {
					"uv": [
						7.25,
						0,
						7.5,
						0.25
					],
					"rotation": 90,
					"texture": "#0"
				},
				"south": {
					"uv": [
						4.25,
						2.5,
						4,
						3.25
					],
					"rotation": 270,
					"texture": "#0"
				},
				"west": {
					"uv": [
						4.25,
						3.25,
						4.5,
						3.5
					],
					"rotation": 270,
					"texture": "#0"
				},
				"up": {
					"uv": [
						6.25,
						1.875,
						7,
						2.125
					],
					"texture": "#0"
				},
				"down": {
					"uv": [
						6.25,
						2.125,
						7,
						2.375
					],
					"rotation": 180,
					"texture": "#0"
				}
			}
		},
		{
			"from": [
				14.56475,
				14,
				13.532440000000001
			],
			"to": [
				15.68975,
				15.5,
				14.657430000000002
			],
			"rotation": {
				"angle": 0,
				"axis": "y",
				"origin": [
					13.39116,
					14.75,
					13.673580000000001
				]
			},
			"faces": {
				"north": {
					"uv": [
						5.375,
						3.5,
						5.125,
						3.25
					],
					"rotation": 270,
					"texture": "#0"
				},
				"east": {
					"uv": [
						7.25,
						0.25,
						7.5,
						0.5
					],
					"rotation": 90,
					"texture": "#0"
				},
				"south": {
					"uv": [
						5.625,
						3.25,
						5.375,
						3.5
					],
					"rotation": 270,
					"texture": "#0"
				},
				"west": {
					"uv": [
						7.25,
						0.5,
						7.5,
						0.75
					],
					"rotation": 270,
					"texture": "#0"
				},
				"up": {
					"uv": [
						4.5,
						3.25,
						4.75,
						3.5
					],
					"texture": "#0"
				},
				"down": {
					"uv": [
						7.25,
						0.75,
						7.5,
						1
					],
					"rotation": 180,
					"texture": "#0"
				}
			}
		},
		{
			"from": [
				14.541889999999999,
				14.00075,
				13.10837
			],
			"to": [
				14.916509999999999,
				15.49925,
				14.60687
			],
			"rotation": {
				"angle": -45,
				"axis": "y",
				"origin": [
					13.39116,
					14.75,
					13.673580000000001
				]
			},
			"faces": {
				"north": {
					"uv": [
						5.75,
						3.625,
						5.5,
						3.5
					],
					"rotation": 270,
					"texture": "#0"
				},
				"east": {
					"uv": [
						5.625,
						3.25,
						5.875,
						3.5
					],
					"rotation": 90,
					"texture": "#0"
				},
				"south": {
					"uv": [
						7.75,
						1.5,
						7.5,
						1.625
					],
					"rotation": 270,
					"texture": "#0"
				},
				"west": {
					"uv": [
						7.25,
						1.625,
						7.5,
						1.875
					],
					"rotation": 270,
					"texture": "#0"
				},
				"up": {
					"uv": [
						6.125,
						2.5,
						6.25,
						2.75
					],
					"texture": "#0"
				},
				"down": {
					"uv": [
						5.375,
						2.875,
						5.5,
						3.125
					],
					"rotation": 180,
					"texture": "#0"
				}
			}
		},
		{
			"from": [
				12.94313,
				14,
				14.7453
			],
			"to": [
				14.44313,
				15.5,
				15.12032
			],
			"rotation": {
				"angle": -22.5,
				"axis": "y",
				"origin": [
					13.39116,
					14.75,
					13.673580000000001
				]
			},
			"faces": {
				"north": {
					"uv": [
						6.125,
						3.5,
						5.875,
						3.25
					],
					"rotation": 270,
					"texture": "#0"
				},
				"east": {
					"uv": [
						7.5,
						1.625,
						7.75,
						1.75
					],
					"rotation": 90,
					"texture": "#0"
				},
				"south": {
					"uv": [
						7.5,
						1.875,
						7.25,
						2.125
					],
					"rotation": 270,
					"texture": "#0"
				},
				"west": {
					"uv": [
						7.5,
						1.75,
						7.75,
						1.875
					],
					"rotation": 270,
					"texture": "#0"
				},
				"up": {
					"uv": [
						5.75,
						3.5,
						6,
						3.625
					],
					"texture": "#0"
				},
				"down": {
					"uv": [
						7.5,
						1.875,
						7.75,
						2
					],
					"rotation": 180,
					"texture": "#0"
				}
			}
		},
		{
			"from": [
				12.94061,
				14.375,
				13.14494
			],
			"to": [
				13.31561,
				15.125,
				14.644940000000002
			],
			"rotation": {
				"angle": 22.5,
				"axis": "y",
				"origin": [
					13.39116,
					14.75,
					13.673580000000001
				]
			},
			"faces": {
				"north": {
					"uv": [
						5.5,
						3.25,
						5.375,
						3.125
					],
					"rotation": 270,
					"texture": "#0"
				},
				"east": {
					"uv": [
						6.125,
						3.25,
						6.25,
						3.5
					],
					"rotation": 90,
					"texture": "#0"
				},
				"south": {
					"uv": [
						7.375,
						2.75,
						7.25,
						2.875
					],
					"rotation": 270,
					"texture": "#0"
				},
				"west": {
					"uv": [
						7.5,
						2,
						7.625,
						2.25
					],
					"rotation": 270,
					"texture": "#0"
				},
				"up": {
					"uv": [
						6,
						3.5,
						6.125,
						3.75
					],
					"texture": "#0"
				},
				"down": {
					"uv": [
						6.125,
						3.5,
						6.25,
						3.75
					],
					"rotation": 180,
					"texture": "#0"
				}
			}
		},
		{
			"from": [
				12.31475,
				14,
				13.157440000000001
			],
			"to": [
				14.56475,
				15.5,
				13.907430000000002
			],
			"rotation": {
				"angle": 0,
				"axis": "y",
				"origin": [
					13.39116,
					14.75,
					13.673580000000001
				]
			},
			"faces": {
				"north": {
					"uv": [
						7,
						2.875,
						6.75,
						2.5
					],
					"rotation": 270,
					"texture": "#0"
				},
				"east": {
					"uv": [
						6.25,
						3.5,
						6.5,
						3.625
					],
					"rotation": 90,
					"texture": "#0"
				},
				"south": {
					"uv": [
						4.75,
						2.875,
						4.5,
						3.25
					],
					"rotation": 270,
					"texture": "#0"
				},
				"west": {
					"uv": [
						7.5,
						2.25,
						7.75,
						2.375
					],
					"rotation": 270,
					"texture": "#0"
				},
				"up": {
					"uv": [
						7.5,
						1.25,
						7.875,
						1.375
					],
					"texture": "#0"
				},
				"down": {
					"uv": [
						7.5,
						1.375,
						7.875,
						1.5
					],
					"rotation": 180,
					"texture": "#0"
				}
			}
		},
		{
			"from": [
				12.19971,
				14.00075,
				13.609200000000001
			],
			"to": [
				13.32359,
				15.49925,
				14.733080000000001
			],
			"rotation": {
				"angle": -22.5,
				"axis": "y",
				"origin": [
					13.39116,
					14.75,
					13.673580000000001
				]
			},
			"faces": {
				"north": {
					"uv": [
						7.625,
						1.25,
						7.375,
						1
					],
					"rotation": 270,
					"texture": "#0"
				},
				"east": {
					"uv": [
						7.25,
						2.125,
						7.5,
						2.375
					],
					"rotation": 90,
					"texture": "#0"
				},
				"south": {
					"uv": [
						6.75,
						3.375,
						6.5,
						3.625
					],
					"rotation": 270,
					"texture": "#0"
				},
				"west": {
					"uv": [
						6.75,
						3.25,
						7,
						3.5
					],
					"rotation": 270,
					"texture": "#0"
				},
				"up": {
					"uv": [
						7.25,
						2.5,
						7.5,
						2.75
					],
					"texture": "#0"
				},
				"down": {
					"uv": [
						4.75,
						3.375,
						5,
						3.625
					],
					"rotation": 180,
					"texture": "#0"
				}
			}
		}
	],
	"display": {
		"head": {
			"rotation": [
				0,
				180,
				0
			]
		}
	}
}