{
	"textures": {
		"0": "animated_java:item/frestchika_v2/frestchika"
	},
	"elements": [
		{
			"from": [
				10.824679999999999,
				11.18807,
				6.6452
			],
			"to": [
				12.323179999999999,
				12.31194,
				9.26757
			],
			"rotation": {
				"angle": -22.5,
				"axis": "y",
				"origin": [
					12.64116,
					11.75,
					6.17358
				]
			},
			"faces": {
				"north": {
					"uv": [
						7.75,
						0.5,
						7.5,
						0.25
					],
					"rotation": 270,
					"texture": "#0"
				},
				"east": {
					"uv": [
						7,
						0.25,
						7.25,
						0.625
					],
					"rotation": 90,
					"texture": "#0"
				},
				"south": {
					"uv": [
						4.75,
						3.5,
						4.5,
						3.75
					],
					"rotation": 270,
					"texture": "#0"
				},
				"west": {
					"uv": [
						7,
						1.625,
						7.25,
						2
					],
					"rotation": 270,
					"texture": "#0"
				},
				"up": {
					"uv": [
						7.25,
						0.25,
						7,
						0.625
					],
					"texture": "#0"
				},
				"down": {
					"uv": [
						7,
						2,
						7.25,
						2.375
					],
					"rotation": 180,
					"texture": "#0"
				}
			}
		},
		{
			"from": [
				15.51143,
				11.1875,
				4.76888
			],
			"to": [
				17.76143,
				12.3125,
				9.64388
			],
			"rotation": {
				"angle": -22.5,
				"axis": "y",
				"origin": [
					12.64116,
					11.75,
					6.17358
				]
			},
			"faces": {
				"north": {
					"uv": [
						6.5,
						3.5,
						6.25,
						3.125
					],
					"rotation": 270,
					"texture": "#0"
				},
				"east": {
					"uv": [
						6,
						0.75,
						6.25,
						1.625
					],
					"rotation": 90,
					"texture": "#0"
				},
				"south": {
					"uv": [
						4.25,
						3.25,
						4,
						3.625
					],
					"rotation": 270,
					"texture": "#0"
				},
				"west": {
					"uv": [
						6.25,
						0.75,
						6.5,
						1.625
					],
					"rotation": 270,
					"texture": "#0"
				},
				"up": {
					"uv": [
						5.25,
						0.75,
						5.625,
						1.625
					],
					"texture": "#0"
				},
				"down": {
					"uv": [
						5.625,
						0.75,
						6,
						1.625
					],
					"rotation": 180,
					"texture": "#0"
				}
			}
		},
		{
			"from": [
				8.93975,
				11.1875,
				4.26993
			],
			"to": [
				19.06475,
				12.3125,
				6.1449300000000004
			],
			"rotation": {
				"angle": 0,
				"axis": "y",
				"origin": [
					12.64116,
					11.75,
					6.17358
				]
			},
			"faces": {
				"north": {
					"uv": [
						4.25,
						2.5,
						4,
						0.75
					],
					"rotation": 270,
					"texture": "#0"
				},
				"east": {
					"uv": [
						6.5,
						3,
						6.75,
						3.375
					],
					"rotation": 90,
					"texture": "#0"
				},
				"south": {
					"uv": [
						4.5,
						0.75,
						4.25,
						2.5
					],
					"rotation": 270,
					"texture": "#0"
				},
				"west": {
					"uv": [
						7,
						2.5,
						7.25,
						2.875
					],
					"rotation": 270,
					"texture": "#0"
				},
				"up": {
					"uv": [
						5.75,
						0.375,
						4,
						0.75
					],
					"texture": "#0"
				},
				"down": {
					"uv": [
						4,
						0.375,
						5.75,
						0.75
					],
					"rotation": 180,
					"texture": "#0"
				}
			}
		}
	],
	"display": {
		"head": {
			"rotation": [
				0,
				180,
				0
			]
		}
	}
}