{
	"credit": "Made with Blockbench",
	"texture_size": [22, 22],
	"textures": {
		"0": "item/artifact/stick/615/censored",
		"particle": "item/artifact/stick/615/censored"
	},
	"elements": [
		{
			"from": [7.4592, 0.676, 7.4592],
			"to": [8.5408, 5.2728, 8.5408],
			"rotation": {"angle": 0, "axis": "x", "origin": [8, 2.1632, 8]},
			"faces": {
				"north": {"uv": [0, 0, 11.63636, 2.90909], "rotation": 90, "texture": "#0"},
				"east": {"uv": [0, 0, 11.63636, 2.90909], "rotation": 270, "texture": "#0"},
				"south": {"uv": [0, 0, 11.63636, 2.90909], "rotation": 90, "texture": "#0"},
				"west": {"uv": [0, 0, 11.63636, 2.90909], "rotation": 90, "texture": "#0"},
				"up": {"uv": [0, 0, 11.63636, 2.90909], "rotation": 180, "texture": "#0"},
				"down": {"uv": [0, 0, 11.63636, 2.90909], "texture": "#0"}
			}
		},
		{
			"from": [7.4592, 5.2728, 7.4592],
			"to": [8.5408, 9.8696, 8.5408],
			"rotation": {"angle": 0, "axis": "x", "origin": [8, 2.08, 8]},
			"faces": {
				"north": {"uv": [0, 0, 11.63636, 2.90909], "rotation": 90, "texture": "#0"},
				"east": {"uv": [0, 0, 11.63636, 2.90909], "rotation": 270, "texture": "#0"},
				"south": {"uv": [0, 0, 11.63636, 2.90909], "rotation": 90, "texture": "#0"},
				"west": {"uv": [0, 0, 11.63636, 2.90909], "rotation": 90, "texture": "#0"},
				"up": {"uv": [0, 0, 11.63636, 2.90909], "rotation": 180, "texture": "#0"},
				"down": {"uv": [0, 0, 11.63636, 2.90909], "texture": "#0"}
			}
		},
		{
			"from": [7.4592, 9.8696, 7.4592],
			"to": [8.5408, 14.4664, 8.5408],
			"rotation": {"angle": 0, "axis": "x", "origin": [8, 1.6768, 8]},
			"faces": {
				"north": {"uv": [0, 0, 11.63636, 2.90909], "rotation": 90, "texture": "#0"},
				"east": {"uv": [0, 0, 11.63636, 2.90909], "rotation": 270, "texture": "#0"},
				"south": {"uv": [0, 0, 11.63636, 2.90909], "rotation": 90, "texture": "#0"},
				"west": {"uv": [0, 0, 11.63636, 2.90909], "rotation": 90, "texture": "#0"},
				"up": {"uv": [0, 0, 11.63636, 2.90909], "rotation": 180, "texture": "#0"},
				"down": {"uv": [0, 0, 11.63636, 2.90909], "texture": "#0"}
			}
		},
		{
			"from": [7.45974, 11.38091, 8.98322],
			"to": [8.54026, 15.97311, 10.06373],
			"rotation": {"angle": -45, "axis": "x", "origin": [8, 12.15583, 8]},
			"faces": {
				"north": {"uv": [0, 0, 11.63636, 2.90909], "rotation": 90, "texture": "#0"},
				"east": {"uv": [0, 0, 11.63636, 2.90909], "rotation": 270, "texture": "#0"},
				"south": {"uv": [0, 0, 11.63636, 2.90909], "rotation": 90, "texture": "#0"},
				"west": {"uv": [0, 0, 11.63636, 2.90909], "rotation": 90, "texture": "#0"},
				"up": {"uv": [0, 0, 11.63636, 2.90909], "rotation": 180, "texture": "#0"},
				"down": {"uv": [0, 0, 11.63636, 2.90909], "texture": "#0"}
			}
		},
		{
			"from": [7.1572, 16.00318, 3.52063],
			"to": [8.8428, 17.68879, 10.68447],
			"rotation": {"angle": -45, "axis": "x", "origin": [8, 15.8718, 7.94065]},
			"faces": {
				"north": {"uv": [0, 0, 11.63636, 2.90909], "texture": "#0"},
				"east": {"uv": [0, 0, 11.63636, 2.90909], "texture": "#0"},
				"south": {"uv": [0, 0, 11.63636, 2.90909], "texture": "#0"},
				"west": {"uv": [0, 0, 11.63636, 2.90909], "texture": "#0"},
				"up": {"uv": [0, 0, 11.63636, 2.90909], "rotation": 90, "texture": "#0"},
				"down": {"uv": [0, 0, 11.63636, 2.90909], "rotation": 270, "texture": "#0"}
			}
		},
		{
			"from": [7.15635, 17.4306, 5.72337],
			"to": [8.84365, 19.11789, 12.89438],
			"rotation": {"angle": 0, "axis": "x", "origin": [8, 15.88969, 7.94034]},
			"faces": {
				"north": {"uv": [0, 0, 11.63636, 2.90909], "texture": "#0"},
				"east": {"uv": [0, 0, 11.63636, 2.90909], "texture": "#0"},
				"south": {"uv": [0, 0, 11.63636, 2.90909], "texture": "#0"},
				"west": {"uv": [0, 0, 11.63636, 2.90909], "texture": "#0"},
				"up": {"uv": [0, 0, 11.63636, 2.90909], "rotation": 90, "texture": "#0"},
				"down": {"uv": [0, 0, 11.63636, 2.90909], "rotation": 270, "texture": "#0"}
			}
		},
		{
			"from": [7.16479, 9.75913, 12.39553],
			"to": [8.83521, 16.85843, 14.06596],
			"rotation": {"angle": -45, "axis": "x", "origin": [8, 15.88969, 7.94034]},
			"faces": {
				"north": {"uv": [0, 0, 11.63636, 2.90909], "rotation": 90, "texture": "#0"},
				"east": {"uv": [0, 0, 11.63636, 2.90909], "rotation": 270, "texture": "#0"},
				"south": {"uv": [0, 0, 11.63636, 2.90909], "rotation": 90, "texture": "#0"},
				"west": {"uv": [0, 0, 11.63636, 2.90909], "rotation": 90, "texture": "#0"},
				"up": {"uv": [0, 0, 11.63636, 2.90909], "rotation": 180, "texture": "#0"},
				"down": {"uv": [0, 0, 11.63636, 2.90909], "texture": "#0"}
			}
		},
		{
			"from": [7.15635, 12.21322, 15.34293],
			"to": [8.84365, 19.38423, 17.03022],
			"rotation": {"angle": 0, "axis": "x", "origin": [8, 17.06469, 7.94034]},
			"faces": {
				"north": {"uv": [0, 0, 11.63636, 2.90909], "rotation": 90, "texture": "#0"},
				"east": {"uv": [0, 0, 11.63636, 2.90909], "rotation": 270, "texture": "#0"},
				"south": {"uv": [0, 0, 11.63636, 2.90909], "rotation": 90, "texture": "#0"},
				"west": {"uv": [0, 0, 11.63636, 2.90909], "rotation": 90, "texture": "#0"},
				"up": {"uv": [0, 0, 11.63636, 2.90909], "rotation": 180, "texture": "#0"},
				"down": {"uv": [0, 0, 11.63636, 2.90909], "texture": "#0"}
			}
		},
		{
			"from": [7.1572, 9.44459, 16.56755],
			"to": [8.8428, 16.60842, 18.25315],
			"rotation": {"angle": 22.5, "axis": "x", "origin": [8, 15.79873, 16.18658]},
			"faces": {
				"north": {"uv": [0, 0, 11.63636, 2.90909], "rotation": 90, "texture": "#0"},
				"east": {"uv": [0, 0, 11.63636, 2.90909], "rotation": 270, "texture": "#0"},
				"south": {"uv": [0, 0, 11.63636, 2.90909], "rotation": 90, "texture": "#0"},
				"west": {"uv": [0, 0, 11.63636, 2.90909], "rotation": 90, "texture": "#0"},
				"up": {"uv": [0, 0, 11.63636, 2.90909], "rotation": 180, "texture": "#0"},
				"down": {"uv": [0, 0, 11.63636, 2.90909], "texture": "#0"}
			}
		},
		{
			"from": [7.40945, 17.96834, 4.16353],
			"to": [8.59055, 19.14945, 9.18323],
			"rotation": {"angle": 22.5, "axis": "x", "origin": [8, 15.88969, 7.94034]},
			"faces": {
				"north": {"uv": [0, 0, 11.63636, 2.90909], "texture": "#0"},
				"east": {"uv": [0, 0, 11.63636, 2.90909], "texture": "#0"},
				"south": {"uv": [0, 0, 11.63636, 2.90909], "texture": "#0"},
				"west": {"uv": [0, 0, 11.63636, 2.90909], "texture": "#0"},
				"up": {"uv": [0, 0, 11.63636, 2.90909], "rotation": 90, "texture": "#0"},
				"down": {"uv": [0, 0, 11.63636, 2.90909], "rotation": 270, "texture": "#0"}
			}
		},
		{
			"from": [7.5613, 13.25015, 0.85146],
			"to": [8.4387, 14.12754, 4.58038],
			"rotation": {"angle": 0, "axis": "x", "origin": [8, 15.88969, 7.94034]},
			"faces": {
				"north": {"uv": [0, 0, 11.63636, 2.90909], "texture": "#0"},
				"east": {"uv": [0, 0, 11.63636, 2.90909], "texture": "#0"},
				"south": {"uv": [0, 0, 11.63636, 2.90909], "texture": "#0"},
				"west": {"uv": [0, 0, 11.63636, 2.90909], "texture": "#0"},
				"up": {"uv": [0, 0, 11.63636, 2.90909], "rotation": 90, "texture": "#0"},
				"down": {"uv": [0, 0, 11.63636, 2.90909], "rotation": 270, "texture": "#0"}
			}
		},
		{
			"from": [7.56218, 14.89897, 0.42198],
			"to": [8.43782, 15.77461, 4.14345],
			"rotation": {"angle": -22.5, "axis": "x", "origin": [8, 15.88969, 7.94034]},
			"faces": {
				"north": {"uv": [0, 0, 11.63636, 2.90909], "texture": "#0"},
				"east": {"uv": [0, 0, 11.63636, 2.90909], "texture": "#0"},
				"south": {"uv": [0, 0, 11.63636, 2.90909], "texture": "#0"},
				"west": {"uv": [0, 0, 11.63636, 2.90909], "texture": "#0"},
				"up": {"uv": [0, 0, 11.63636, 2.90909], "rotation": 90, "texture": "#0"},
				"down": {"uv": [0, 0, 11.63636, 2.90909], "rotation": 270, "texture": "#0"}
			}
		},
		{
			"from": [7.64027, 16.26127, 1.66205],
			"to": [8.35973, 16.98074, 4.71976],
			"rotation": {"angle": -45, "axis": "x", "origin": [8, 15.88969, 7.94034]},
			"faces": {
				"north": {"uv": [0, 0, 11.63636, 2.90909], "texture": "#0"},
				"east": {"uv": [0, 0, 11.63636, 2.90909], "texture": "#0"},