{
	"textures": {
		"0": "animated_java:item/haruclaire/haruclaire_main"
	},
	"elements": [
		{
			"from": [
				3.2687999999999997,
				6.550000000000001,
				6
			],
			"to": [
				9.268799999999999,
				9.55,
				10
			],
			"rotation": {
				"angle": 0,
				"axis": "y",
				"origin": [
					8.268799999999999,
					4.050000000000001,
					8.025
				]
			},
			"faces": {
				"north": {
					"uv": [
						8.75,
						0.5,
						9.125,
						1.375
					],
					"rotation": 270,
					"texture": "#0"
				},
				"east": {
					"uv": [
						9.125,
						0.5,
						8.75,
						0
					],
					"rotation": 90,
					"texture": "#0"
				},
				"south": {
					"uv": [
						9.625,
						0.5,
						10,
						1.375
					],
					"rotation": 90,
					"texture": "#0"
				},
				"west": {
					"uv": [
						9.5,
						0,
						9.125,
						0.5
					],
					"rotation": 90,
					"texture": "#0"
				},
				"up": {
					"uv": [
						9.125,
						0.5,
						9.625,
						1.375
					],
					"rotation": 90,
					"texture": "#0"
				},
				"down": {
					"uv": [
						8.25,
						0.5,
						8.75,
						1.375
					],
					"rotation": 90,
					"texture": "#0"
				}
			}
		},
		{
			"from": [
				2.0688000000000004,
				6.350000000000001,
				5.8
			],
			"to": [
				9.4688,
				9.75,
				10.3
			],
			"rotation": {
				"angle": 0,
				"axis": "y",
				"origin": [
					8.268799999999999,
					4.050000000000001,
					8.025
				]
			},
			"faces": {
				"north": {
					"uv": [
						8.5,
						7.375,
						8.875,
						8.25
					],
					"rotation": 270,
					"texture": "#0"
				},
				"east": {
					"uv": [
						8.875,
						7.375,
						8.5,
						6.875
					],
					"rotation": 90,
					"texture": "#0"
				},
				"south": {
					"uv": [
						9.375,
						7.375,
						9.75,
						8.25
					],
					"rotation": 90,
					"texture": "#0"
				},
				"west": {
					"uv": [
						9.25,
						6.875,
						8.875,
						7.375
					],
					"rotation": 90,
					"texture": "#0"
				},
				"up": {
					"uv": [
						8.875,
						7.375,
						9.375,
						8.25
					],
					"rotation": 90,
					"texture": "#0"
				},
				"down": {
					"uv": [
						8,
						7.375,
						8.5,
						8.25
					],
					"rotation": 90,
					"texture": "#0"
				}
			}
		},
		{
			"from": [
				3.4188,
				5.449999999999999,
				10.5
			],
			"to": [
				4.718799999999999,
				10.45,
				5.5
			],
			"rotation": {
				"angle": 0,
				"axis": "y",
				"origin": [
					8.268799999999999,
					4.050000000000001,
					8.025
				]
			},
			"faces": {
				"north": {
					"uv": [
						0,
						3.625,
						0.25,
						3.875
					],
					"rotation": 270,
					"texture": "#0"
				},
				"south": {
					"uv": [
						0,
						3.625,
						0.25,
						3.875
					],
					"rotation": 270,
					"texture": "#0"
				},
				"up": {
					"uv": [
						0,
						3.625,
						0.25,
						3.875
					],
					"rotation": 270,
					"texture": "#0"
				},
				"down": {
					"uv": [
						0,
						3.625,
						0.25,
						3.875
					],
					"rotation": 270,
					"texture": "#0"
				}
			}
		},
		{
			"from": [
				3.4188,
				5.449999999999999,
				5.5
			],
			"to": [
				4.718799999999999,
				10.45,
				10.5
			],
			"rotation": {
				"angle": 0,
				"axis": "y",
				"origin": [
					8.268799999999999,
					4.050000000000001,
					8.025
				]
			},
			"faces": {
				"north": {
					"uv": [
						0,
						3.625,
						0.25,
						3.875
					],
					"rotation": 270,
					"texture": "#0"
				},
				"south": {
					"uv": [
						0,
						3.625,
						0.25,
						3.875
					],
					"rotation": 270,
					"texture": "#0"
				},
				"up": {
					"uv": [
						0,
						3.625,
						0.25,
						3.875
					],
					"rotation": 270,
					"texture": "#0"
				},
				"down": {
					"uv": [
						0,
						3.625,
						0.25,
						3.875
					],
					"rotation": 270,
					"texture": "#0"
				}
			}
		}
	],
	"display": {
		"head": {
			"rotation": [
				0,
				180,
				0
			]
		}
	}
}