{
	"textures": {
		"0": "animated_java:item/haruclaire/haruclaire_main"
	},
	"elements": [
		{
			"from": [
				7.535,
				6.515000000000001,
				6.02
			],
			"to": [
				14.465,
				9.485,
				9.98
			],
			"rotation": {
				"angle": 0,
				"axis": "y",
				"origin": [
					8.525,
					7.950500000000002,
					8.02475
				]
			},
			"faces": {
				"north": {
					"uv": [
						0.5,
						8.875,
						0.875,
						9.75
					],
					"rotation": 90,
					"texture": "#0"
				},
				"east": {
					"uv": [
						1.25,
						8.375,
						0.875,
						8.875
					],
					"rotation": 270,
					"texture": "#0"
				},
				"south": {
					"uv": [
						1.375,
						8.875,
						1.75,
						9.75
					],
					"rotation": 270,
					"texture": "#0"
				},
				"west": {
					"uv": [
						0.875,
						8.875,
						0.5,
						8.375
					],
					"rotation": 270,
					"texture": "#0"
				},
				"up": {
					"uv": [
						0,
						8.875,
						0.5,
						9.75
					],
					"rotation": 270,
					"texture": "#0"
				},
				"down": {
					"uv": [
						0.875,
						8.875,
						1.375,
						9.75
					],
					"rotation": 270,
					"texture": "#0"
				}
			}
		},
		{
			"from": [
				7.300000000000001,
				6.300000000000001,
				5.8
			],
			"to": [
				14.7,
				9.7,
				10.3
			],
			"rotation": {
				"angle": 0,
				"axis": "y",
				"origin": [
					8.5,
					7.949999999999999,
					8.025
				]
			},
			"faces": {
				"north": {
					"uv": [
						8,
						8.75,
						8.375,
						9.625
					],
					"rotation": 90,
					"texture": "#0"
				},
				"east": {
					"uv": [
						8.75,
						8.25,
						8.375,
						8.75
					],
					"rotation": 270,
					"texture": "#0"
				},
				"south": {
					"uv": [
						8.875,
						8.75,
						9.25,
						9.625
					],
					"rotation": 270,
					"texture": "#0"
				},
				"west": {
					"uv": [
						8.375,
						8.75,
						8,
						8.25
					],
					"rotation": 270,
					"texture": "#0"
				},
				"up": {
					"uv": [
						7.5,
						8.75,
						8,
						9.625
					],
					"rotation": 270,
					"texture": "#0"
				},
				"down": {
					"uv": [
						8.375,
						8.75,
						8.875,
						9.625
					],
					"rotation": 270,
					"texture": "#0"
				}
			}
		}
	],
	"display": {
		"head": {
			"rotation": [
				0,
				180,
				0
			]
		}
	}
}