{
	"textures": {
		"0": "animated_java:item/haruclaire/haruclaire_main"
	},
	"elements": [
		{
			"from": [
				1.5350000000000001,
				6.515000000000001,
				6.02
			],
			"to": [
				8.465,
				9.485,
				9.98
			],
			"rotation": {
				"angle": 0,
				"axis": "y",
				"origin": [
					12.425,
					4.039999999999999,
					8.02475
				]
			},
			"faces": {
				"north": {
					"uv": [
						8.5,
						6,
						8.875,
						6.875
					],
					"rotation": 270,
					"texture": "#0"
				},
				"east": {
					"uv": [
						8.875,
						6,
						8.5,
						5.5
					],
					"rotation": 90,
					"texture": "#0"
				},
				"south": {
					"uv": [
						9.375,
						6,
						9.75,
						6.875
					],
					"rotation": 90,
					"texture": "#0"
				},
				"west": {
					"uv": [
						9.25,
						5.5,
						8.875,
						6
					],
					"rotation": 90,
					"texture": "#0"
				},
				"up": {
					"uv": [
						8.875,
						6,
						9.375,
						6.875
					],
					"rotation": 90,
					"texture": "#0"
				},
				"down": {
					"uv": [
						8,
						6,
						8.5,
						6.875
					],
					"rotation": 90,
					"texture": "#0"
				}
			}
		},
		{
			"from": [
				1.3000000000000007,
				6.300000000000001,
				5.8
			],
			"to": [
				8.7,
				9.7,
				10.3
			],
			"rotation": {
				"angle": 0,
				"axis": "y",
				"origin": [
					12.5,
					4,
					8.025
				]
			},
			"faces": {
				"north": {
					"uv": [
						0.5,
						0.5,
						0.875,
						1.375
					],
					"rotation": 270,
					"texture": "#0"
				},
				"east": {
					"uv": [
						0.875,
						0.5,
						0.5,
						0
					],
					"rotation": 90,
					"texture": "#0"
				},
				"south": {
					"uv": [
						1.375,
						0.5,
						1.75,
						1.375
					],
					"rotation": 90,
					"texture": "#0"
				},
				"west": {
					"uv": [
						1.25,
						0,
						0.875,
						0.5
					],
					"rotation": 90,
					"texture": "#0"
				},
				"up": {
					"uv": [
						0.875,
						0.5,
						1.375,
						1.375
					],
					"rotation": 90,
					"texture": "#0"
				},
				"down": {
					"uv": [
						0,
						0.5,
						0.5,
						1.375
					],
					"rotation": 90,
					"texture": "#0"
				}
			}
		}
	],
	"display": {
		"head": {
			"rotation": [
				0,
				180,
				0
			]
		}
	}
}