{
	"textures": {
		"0": "animated_java:item/ecual/ecual"
	},
	"elements": [
		{
			"from": [
				7.9,
				4.25,
				3.049999999999999
			],
			"to": [
				8,
				11.75,
				8.049999999999999
			],
			"rotation": {
				"angle": 0,
				"axis": "y",
				"origin": [
					7,
					8.75,
					8
				]
			},
			"faces": {
				"north": {
					"uv": [
						8.125,
						4.25,
						8,
						4.375
					],
					"texture": "#0",
					"tintindex": 0
				},
				"east": {
					"uv": [
						8.25,
						4.25,
						9.125,
						5.5
					],
					"texture": "#0",
					"tintindex": 0
				},
				"south": {
					"uv": [
						8.125,
						4.25,
						8,
						4.375
					],
					"texture": "#0",
					"tintindex": 0
				},
				"west": {
					"uv": [
						10,
						4.25,
						9.125,
						5.5
					],
					"texture": "#0",
					"tintindex": 0
				},
				"up": {
					"uv": [
						8.125,
						4.25,
						8,
						4.375
					],
					"texture": "#0",
					"tintindex": 0
				},
				"down": {
					"uv": [
						8.125,
						4.25,
						8,
						4.375
					],
					"texture": "#0",
					"tintindex": 0
				}
			}
		},
		{
			"from": [
				8,
				4.550000000000001,
				3.4499999999999993
			],
			"to": [
				8.75,
				11.450000000000003,
				7.949999999999999
			],
			"rotation": {
				"angle": 0,
				"axis": "y",
				"origin": [
					7.1,
					8.75,
					8
				]
			},
			"faces": {
				"north": {
					"uv": [
						6.125,
						4.125,
						6,
						4.25
					],
					"texture": "#0",
					"tintindex": 0
				},
				"east": {
					"uv": [
						6.125,
						4.125,
						6,
						4.25
					],
					"texture": "#0",
					"tintindex": 0
				},
				"south": {
					"uv": [
						6.125,
						4.125,
						6,
						4.25
					],
					"texture": "#0",
					"tintindex": 0
				},
				"west": {
					"uv": [
						6.125,
						4.125,
						6,
						4.25
					],
					"texture": "#0",
					"tintindex": 0
				},
				"up": {
					"uv": [
						6.125,
						4.125,
						6,
						4.25
					],
					"texture": "#0",
					"tintindex": 0
				},
				"down": {
					"uv": [
						6.125,
						4.125,
						6,
						4.25
					],
					"texture": "#0",
					"tintindex": 0
				}
			}
		}
	],
	"display": {
		"head": {
			"rotation": [
				0,
				180,
				0
			]
		}
	}
}