{
	"textures": {
		"0": "animated_java:item/louvert/louvert"
	},
	"elements": [
		{
			"from": [
				7.25,
				7.08333,
				9.45833
			],
			"to": [
				8.75,
				8.58333,
				10.95833
			],
			"rotation": {
				"angle": 0,
				"axis": "y",
				"origin": [
					8,
					7.83333,
					10.95833
				]
			},
			"faces": {
				"north": {
					"uv": [
						7,
						0,
						7.375,
						0.375
					],
					"rotation": 90,
					"texture": "#0"
				},
				"east": {
					"uv": [
						7,
						0,
						7.375,
						0.375
					],
					"rotation": 90,
					"texture": "#0"
				},
				"south": {
					"uv": [
						7,
						0,
						7.375,
						0.375
					],
					"rotation": 90,
					"texture": "#0"
				},
				"west": {
					"uv": [
						7,
						0,
						7.375,
						0.375
					],
					"rotation": 270,
					"texture": "#0"
				},
				"up": {
					"uv": [
						7,
						0,
						7.375,
						0.375
					],
					"texture": "#0"
				},
				"down": {
					"uv": [
						7,
						0,
						7.375,
						0.375
					],
					"rotation": 180,
					"texture": "#0"
				}
			}
		},
		{
			"from": [
				7.5,
				7.33333,
				5.95833
			],
			"to": [
				8.5,
				8.33333,
				9.45833
			],
			"rotation": {
				"angle": 0,
				"axis": "y",
				"origin": [
					8,
					7.83333,
					10.95833
				]
			},
			"faces": {
				"north": {
					"uv": [
						7.375,
						0,
						7.625,
						0.125
					],
					"rotation": 90,
					"texture": "#0"
				},
				"east": {
					"uv": [
						7.375,
						0,
						7.625,
						0.875
					],
					"rotation": 90,
					"texture": "#0"
				},
				"south": {
					"uv": [
						7.375,
						0,
						7.625,
						0.125
					],
					"rotation": 90,
					"texture": "#0"
				},
				"west": {
					"uv": [
						7.375,
						0,
						7.625,
						0.875
					],
					"rotation": 270,
					"texture": "#0"
				},
				"up": {
					"uv": [
						7.375,
						0,
						7.625,
						0.875
					],
					"texture": "#0"
				},
				"down": {
					"uv": [
						7.375,
						0,
						7.625,
						0.875
					],
					"rotation": 180,
					"texture": "#0"
				}
			}
		},
		{
			"from": [
				7,
				6.33333,
				5.45833
			],
			"to": [
				8.999999999999998,
				9.33333,
				5.95833
			],
			"rotation": {
				"angle": 0,
				"axis": "y",
				"origin": [
					8,
					7.83333,
					5.70833
				]
			},
			"faces": {
				"north": {
					"uv": [
						7.625,
						0.25,
						8.375,
						0.75
					],
					"rotation": 90,
					"texture": "#0"
				},
				"east": {
					"uv": [
						7.625,
						0.125,
						8.375,
						0.25
					],
					"rotation": 90,
					"texture": "#0"
				},
				"south": {
					"uv": [
						8.375,
						0.25,
						7.625,
						0.75
					],
					"rotation": 90,
					"texture": "#0"
				},
				"west": {
					"uv": [
						7.625,
						0.125,
						8.375,
						0.25
					],
					"rotation": 270,
					"texture": "#0"
				},
				"up": {
					"uv": [
						7.625,
						0,
						8.125,
						0.125
					],
					"texture": "#0"
				},
				"down": {
					"uv": [
						7.625,
						0,
						8.125,
						0.125
					],
					"rotation": 180,
					"texture": "#0"
				}
			}
		},
		{
			"from": [
				7.75,
				6.58333,
				4.45833
			],
			"to": [
				8.25,
				8.58333,
				5.45833
			],
			"rotation": {
				"angle": 0,
				"axis": "y",
				"origin": [
					8,
					7.83333,
					10.95833
				]
			},
			"faces": {
				"north": {
					"uv": [
						7.625,
						0,
						7.75,
						0.125
					],
					"rotation": 90,
					"texture": "#0"
				},
				"east": {
					"uv": [
						7.625,
						0,
						7.75,
						0.125
					],
					"rotation": 90,
					"texture": "#0"
				},
				"south": {
					"uv": [
						7.625,
						0,
						7.75,
						0.125
					],
					"rotation": 90,
					"texture": "#0"
				},
				"west": {
					"uv": [
						7.625,
						0,
						7.75,
						0.125
					],
					"rotation": 270,
					"texture": "#0"
				},
				"up": {
					"uv": [
						7.625,
						0,
						7.75,
						0.125
					],
					"texture": "#0"
				},
				"down": {
					"uv": [
						7.625,
						0,
						7.75,
						0.125
					],
					"rotation": 180,
					"texture": "#0"
				}
			}
		},
		{
			"from": [
				7.75,
				8.58333,
				2.45833
			],
			"to": [
				8.25,
				9.08333,
				5.45833
			],
			"rotation": {
				"angle": 0,
				"axis": "y",
				"origin": [
					8,
					7.83333,
					10.95833
				]
			},
			"faces": {
				"north": {
					"uv": [
						7.625,
						0,
						7.75,
						0.125
					],
					"rotation": 90,
					"texture": "#0"
				},
				"east": {
					"uv": [
						7.625,
						0,
						7.75,
						0.125
					],
					"rotation": 90,
					"texture": "#0"
				},
				"south": {
					"uv": [
						7.625,
						0,
						7.75,
						0.125
					],
					"rotation": 90,
					"texture": "#0"
				},
				"west": {
					"uv": [
						7.625,
						0,
						7.75,
						0.125
					],
					"rotation": 270,
					"texture": "#0"
				},
				"up": {
					"uv": [
						7.625,
						0,
						7.75,
						0.125
					],
					"texture": "#0"
				},
				"down": {
					"uv": [
						7.625,
						0,
						7.75,
						0.125
					],
					"rotation": 180,
					"texture": "#0"
				}
			}
		},
		{
			"from": [
				8,
				6.08333,
				-9.54167
			],
			"to": [
				8,
				10.08333,
				4.45833
			],
			"rotation": {
				"angle": 0,
				"axis": "y",
				"origin": [
					8,
					7.83333,
					10.95833
				]
			},
			"faces": {
				"north": {
					"uv": [
						0,
						0,
						0.125,
						0.125
					],
					"rotation": 90,
					"texture": "#0"
				},
				"east": {
					"uv": [
						10,
						0,
						9,
						3.5
					],
					"rotation": 90,
					"texture": "#0"
				},
				"south": {
					"uv": [
						0,
						0,
						0.125,
						0.125
					],
					"rotation": 90,
					"texture": "#0"
				},
				"west": {
					"uv": [
						9,
						0,
						10,
						3.5
					],
					"rotation": 270,
					"texture": "#0"
				},
				"up": {
					"uv": [
						0,
						0,
						0.125,
						0.125
					],
					"texture": "#0"
				},
				"down": {
					"uv": [
						0,
						0,
						0.125,
						0.125
					],
					"rotation": 180,
					"texture": "#0"
				}
			}
		}
	],
	"display": {
		"head": {
			"rotation": [
				0,
				180,
				0
			]
		}
	}
}