{
	"textures": {
		"0": "animated_java:item/haruclaire_illusion/haruclaire_illusion_0"
	},
	"elements": [
		{
			"from": [
				6.73125,
				6.550000000000001,
				6
			],
			"to": [
				12.73125,
				9.55,
				10
			],
			"rotation": {
				"angle": 0,
				"axis": "y",
				"origin": [
					12.73125,
					8,
					8.025
				]
			},
			"faces": {
				"north": {
					"uv": [
						4,
						9.25,
						4.375,
						10.125
					],
					"rotation": 90,
					"texture": "#0"
				},
				"east": {
					"uv": [
						4.75,
						8.75,
						4.375,
						9.25
					],
					"rotation": 270,
					"texture": "#0"
				},
				"south": {
					"uv": [
						4.875,
						9.25,
						5.25,
						10.125
					],
					"rotation": 270,
					"texture": "#0"
				},
				"west": {
					"uv": [
						4.375,
						9.25,
						4,
						8.75
					],
					"rotation": 270,
					"texture": "#0"
				},
				"up": {
					"uv": [
						3.5,
						9.25,
						4,
						10.125
					],
					"rotation": 270,
					"texture": "#0"
				},
				"down": {
					"uv": [
						4.375,
						9.25,
						4.875,
						10.125
					],
					"rotation": 270,
					"texture": "#0"
				}
			}
		},
		{
			"from": [
				6.53125,
				6.350000000000001,
				5.8
			],
			"to": [
				13.931249999999999,
				9.75,
				10.3
			],
			"rotation": {
				"angle": 0,
				"axis": "y",
				"origin": [
					12.73125,
					8,
					8.025
				]
			},
			"faces": {
				"north": {
					"uv": [
						2.25,
						9.25,
						2.625,
						10.125
					],
					"rotation": 90,
					"texture": "#0"
				},
				"east": {
					"uv": [
						3,
						8.75,
						2.625,
						9.25
					],
					"rotation": 270,
					"texture": "#0"
				},
				"south": {
					"uv": [
						3.125,
						9.25,
						3.5,
						10.125
					],
					"rotation": 270,
					"texture": "#0"
				},
				"west": {
					"uv": [
						2.625,
						9.25,
						2.25,
						8.75
					],
					"rotation": 270,
					"texture": "#0"
				},
				"up": {
					"uv": [
						1.75,
						9.25,
						2.25,
						10.125
					],
					"rotation": 270,
					"texture": "#0"
				},
				"down": {
					"uv": [
						2.625,
						9.25,
						3.125,
						10.125
					],
					"rotation": 270,
					"texture": "#0"
				}
			}
		},
		{
			"from": [
				11.28125,
				5.449999999999999,
				10.5
			],
			"to": [
				12.181249999999999,
				10.45,
				5.5
			],
			"rotation": {
				"angle": 0,
				"axis": "y",
				"origin": [
					12.73125,
					8,
					8.025
				]
			},
			"faces": {
				"north": {
					"uv": [
						0,
						3.875,
						0.25,
						3.625
					],
					"rotation": 270,
					"texture": "#0"
				},
				"south": {
					"uv": [
						0,
						3.875,
						0.25,
						3.625
					],
					"rotation": 270,
					"texture": "#0"
				},
				"up": {
					"uv": [
						0,
						3.875,
						0.25,
						3.625
					],
					"rotation": 270,
					"texture": "#0"
				},
				"down": {
					"uv": [
						0,
						3.875,
						0.25,
						3.625
					],
					"rotation": 270,
					"texture": "#0"
				}
			}
		},
		{
			"from": [
				11.28125,
				5.449999999999999,
				5.5
			],
			"to": [
				12.33125,
				10.45,
				10.5
			],
			"rotation": {
				"angle": 0,
				"axis": "y",
				"origin": [
					12.73125,
					8,
					8.025
				]
			},
			"faces": {
				"north": {
					"uv": [
						0,
						3.875,
						0.25,
						3.625
					],
					"rotation": 270,
					"texture": "#0"
				},
				"south": {
					"uv": [
						0,
						3.875,
						0.25,
						3.625
					],
					"rotation": 270,
					"texture": "#0"
				},
				"up": {
					"uv": [
						0,
						3.875,
						0.25,
						3.625
					],
					"rotation": 270,
					"texture": "#0"
				},
				"down": {
					"uv": [
						0,
						3.875,
						0.25,
						3.625
					],
					"rotation": 270,
					"texture": "#0"
				}
			}
		}
	],
	"display": {
		"head": {
			"rotation": [
				0,
				180,
				0
			]
		}
	}
}